-- ================================================================
-- 산청 우정학사 중등부 베타테스트 시드 데이터 (실제 학생 명단)
-- supabase_platform_schema.sql 실행 후 이 파일 실행
--
-- login_id        : 학생 이름
-- password        : 010 + 학생 전화번호 뒷 8자리 (예: 01063772693)
--                   전화번호 없는 학생: 00000000000
-- parent_password : 010 + 학부모 전화번호 뒷 8자리
-- class_name      : 중1 / 중2S / 중2A / 중3
-- ================================================================

-- ----------------------------------------------------------------
-- 기존 더미 데이터 전체 삭제 후 재삽입
-- ----------------------------------------------------------------
DELETE FROM monthly_stats;
DELETE FROM learning_records;
DELETE FROM tasks;
DELETE FROM alerts;
DELETE FROM mind_records;
DELETE FROM assignments;
DELETE FROM users WHERE role = 'student';

-- ----------------------------------------------------------------
-- 1. 교육자 (매니저 4명 + 관리자 1명)
-- ----------------------------------------------------------------
INSERT INTO users (id, login_id, password, name, role, school) VALUES
  ('m01', 'manager01', 'beta1234',  '김학습', 'manager', '산청중학교'),
  ('m02', 'manager02', 'beta1234',  '이관리', 'manager', '산청중학교'),
  ('m03', 'manager03', 'beta1234',  '박코칭', 'manager', '산청중학교'),
  ('m04', 'manager04', 'beta1234',  '최선생', 'manager', '산청중학교'),
  ('a01', 'admin',     'admin2026', '관리자', 'admin',   '산청중학교')
ON CONFLICT (id) DO UPDATE SET
  login_id = EXCLUDED.login_id,
  password = EXCLUDED.password,
  name     = EXCLUDED.name;

-- ----------------------------------------------------------------
-- 2. 학생 62명 (실제 명단)
-- ----------------------------------------------------------------
INSERT INTO users (id, login_id, password, name, role, school, grade, class_name, parent_password, self_index, risk_level) VALUES

  -- ── 중1 (20명) ──────────────────────────────────────────────
  -- id       login_id  password         name    role       school   grade  class  parent_pw        si   risk
  ('s001','고찬유', '01063772693','고찬유','student','산청중','중1','중1','01038772693', 75,'normal'),
  ('s002','권민영', '01053299396','권민영','student','덕산중','중1','중1','01036659396', 75,'normal'),
  ('s003','김건우', '01086365598','김건우','student','단성중','중1','중1','01093598206', 75,'normal'),
  ('s004','김기현', '01045655987','김기현','student','산청중','중1','중1','01093025989', 75,'normal'),
  ('s005','김남우', '01039213208','김남우','student','산청중','중1','중1','01066603208', 75,'normal'),
  ('s006','김민설', '01035366912','김민설','student','단성중','중1','중1','01089056912', 75,'normal'),
  ('s007','김어진', '01045564264','김어진','student','산청중','중1','중1','01066644264', 75,'normal'),
  ('s008','김예찬', '01082822157','김예찬','student','산청중','중1','중1','01053132157', 75,'normal'),
  ('s009','김효성', '01082334334','김효성','student','단성중','중1','중1','01099113134', 75,'normal'),
  ('s010','문성현', '01090892434','문성현','student','산청중','중1','중1','01053122434', 75,'normal'),
  ('s011','문응현', '01083659399','문응현','student','단성중','중1','중1','01053619399', 75,'normal'),
  ('s012','박민준', '01074631248','박민준','student','단성중','중1','중1','01051971248', 75,'normal'),
  ('s013','박연서', '01026212717','박연서','student','산청중','중1','중1','01092122080', 75,'normal'),
  ('s014','송선호', '01071240474','송선호','student','산청중','중1','중1','01085620474', 75,'normal'),
  ('s015','안세은', '01097566989','안세은','student','단성중','중1','중1','01064566989', 75,'normal'),
  ('s016','오아라', '01055446329','오아라','student','단성중','중1','중1','01035094299', 75,'normal'),
  ('s017','이성원', '01052526885','이성원','student','단성중','중1','중1','01075012070', 75,'normal'),
  ('s018','이이랑', '00000000000','이이랑','student','단성중','중1','중1','01058350723', 75,'normal'),
  ('s019','장예지', '01079304839','장예지','student','단성중','중1','중1','01052634839', 75,'normal'),
  ('s020','정태인', '01090456630','정태인','student','산청중','중1','중1','01093456630', 75,'normal'),

  -- ── 중2S반 (10명, 총점 240점 이상) ─────────────────────────
  ('s021','김온설', '01087642837','김온설','student','산청중','중2','중2S','01040482837', 75,'normal'),
  ('s022','김주원', '01053665808','김주원','student','단성중','중2','중2S','01093385808', 75,'normal'),
  ('s023','박민서', '00000000000','박민서','student','단성중','중2','중2S','01051971248', 75,'normal'),
  ('s024','박혜림', '01050628122','박혜림','student','산청중','중2','중2S','01031335177', 75,'normal'),
  ('s025','엄승준', '01028892909','엄승준','student','산청중','중2','중2S','01063406757', 75,'normal'),
  ('s026','이유나', '01090555804','이유나','student','덕산중','중2','중2S','01038865804', 75,'normal'),
  ('s027','이준원', '01072766328','이준원','student','단성중','중2','중2S','01064607988', 75,'normal'),
  ('s028','진서준', '01062669439','진서준','student','단성중','중2','중2S','01045879439', 75,'normal'),
  ('s029','홍윤슬', '01055823133','홍윤슬','student','산청중','중2','중2S','01055873133', 75,'normal'),
  ('s030','황지우', '01027500470','황지우','student','덕산중','중2','중2S','01025900470', 75,'normal'),

  -- ── 중2A반 (7명, 총점 224점 이하) ───────────────────────────
  ('s031','김정석', '01088004563','김정석','student','단성중','중2','중2A','01038634563', 75,'normal'),
  ('s032','김태경', '01067763659','김태경','student','산청중','중2','중2A','01029397802', 75,'normal'),
  ('s033','박동민', '01050523265','박동민','student','단성중','중2','중2A','01050373265', 75,'normal'),
  ('s034','유준혁', '01047471493','유준혁','student','덕산중','중2','중2A','01071351493', 75,'normal'),
  ('s035','이원준', '01056306375','이원준','student','단성중','중2','중2A','01053715193', 75,'normal'),
  ('s036','장현율', '01024745224','장현율','student','산청중','중2','중2A','01090955224', 75,'normal'),
  ('s037','하정진', '01063125473','하정진','student','단성중','중2','중2A','01063695875', 75,'normal'),

  -- ── 중3 (25명) ──────────────────────────────────────────────
  ('s038','강온서', '01062126963','강온서','student','산청중','중3','중3','01099924221', 75,'normal'),
  ('s039','김나현', '01034130700','김나현','student','단성중','중3','중3','01052041313', 75,'normal'),
  ('s040','김다민', '01084355192','김다민','student','단성중','중3','중3','01026315192', 75,'normal'),
  ('s041','김단우', '01023910571','김단우','student','산청중','중3','중3','01077770570', 75,'normal'),
  ('s042','김동건', '01090584666','김동건','student','산청중','중3','중3','01065641888', 75,'normal'),
  ('s043','김보민', '01057129645','김보민','student','산청중','중3','중3','01020039645', 75,'normal'),
  ('s044','김하경', '01038664783','김하경','student','단성중','중3','중3','01064111599', 75,'normal'),
  ('s045','박시현', '01063589603','박시현','student','덕산중','중3','중3','01045639603', 75,'normal'),
  ('s046','배병건', '01071201446','배병건','student','단성중','중3','중3','01071521446', 75,'normal'),
  ('s047','성지훈', '01038289087','성지훈','student','덕산중','중3','중3','01062089087', 75,'normal'),
  ('s048','양성민', '01022705605','양성민','student','산청중','중3','중3','01055668505', 75,'normal'),
  ('s049','양영우', '01090189642','양영우','student','덕산중','중3','중3','01095909642', 75,'normal'),
  ('s050','오서영', '01027693133','오서영','student','단성중','중3','중3','01028403133', 75,'normal'),
  ('s051','왕서진', '01038303259','왕서진','student','산청중','중3','중3','01066843259', 75,'normal'),
  ('s052','용건우', '01022783896','용건우','student','산청중','중3','중3','01098118877', 75,'normal'),
  ('s053','윤해주', '01053955989','윤해주','student','산청중','중3','중3','01090040139', 75,'normal'),
  ('s054','이아민', '01030862939','이아민','student','덕산중','중3','중3','01092782939', 75,'normal'),
  ('s055','이지온', '01034445198','이지온','student','단성중','중3','중3','01068226901', 75,'normal'),
  ('s056','정가온', '01085249889','정가온','student','단성중','중3','중3','01024089899', 75,'normal'),
  ('s057','정예준', '01092941536','정예준','student','단성중','중3','중3','01052961536', 75,'normal'),
  ('s058','정진홍', '01041844806','정진홍','student','단성중','중3','중3','01041437806', 75,'normal'),
  ('s059','조아연', '01052244334','조아연','student','덕산중','중3','중3','01092784343', 75,'normal'),
  ('s060','조현호', '01047119461','조현호','student','덕산중','중3','중3','01096624757', 75,'normal'),
  ('s061','하정인', '01064975875','하정인','student','단성중','중3','중3','01063695875', 75,'normal'),
  ('s062','허준우', '01053597916','허준우','student','단성중','중3','중3','01067330596', 75,'normal')

ON CONFLICT (id) DO UPDATE SET
  login_id        = EXCLUDED.login_id,
  password        = EXCLUDED.password,
  name            = EXCLUDED.name,
  school          = EXCLUDED.school,
  grade           = EXCLUDED.grade,
  class_name      = EXCLUDED.class_name,
  parent_password = EXCLUDED.parent_password,
  self_index      = EXCLUDED.self_index,
  risk_level      = EXCLUDED.risk_level;

-- ----------------------------------------------------------------
-- 3. 매니저-학생 배정
-- m01: 중1 전체 (s001~s020, 20명)
-- m02: 중2 전체 (s021~s037, 17명)
-- m03: 중3 전반 (s038~s050, 13명)
-- m04: 중3 후반 (s051~s062, 12명)
-- ----------------------------------------------------------------
INSERT INTO assignments (student_id, educator_id) VALUES
  ('s001','m01'),('s002','m01'),('s003','m01'),('s004','m01'),('s005','m01'),
  ('s006','m01'),('s007','m01'),('s008','m01'),('s009','m01'),('s010','m01'),
  ('s011','m01'),('s012','m01'),('s013','m01'),('s014','m01'),('s015','m01'),
  ('s016','m01'),('s017','m01'),('s018','m01'),('s019','m01'),('s020','m01'),

  ('s021','m02'),('s022','m02'),('s023','m02'),('s024','m02'),('s025','m02'),
  ('s026','m02'),('s027','m02'),('s028','m02'),('s029','m02'),('s030','m02'),
  ('s031','m02'),('s032','m02'),('s033','m02'),('s034','m02'),('s035','m02'),
  ('s036','m02'),('s037','m02'),

  ('s038','m03'),('s039','m03'),('s040','m03'),('s041','m03'),('s042','m03'),
  ('s043','m03'),('s044','m03'),('s045','m03'),('s046','m03'),('s047','m03'),
  ('s048','m03'),('s049','m03'),('s050','m03'),

  ('s051','m04'),('s052','m04'),('s053','m04'),('s054','m04'),('s055','m04'),
  ('s056','m04'),('s057','m04'),('s058','m04'),('s059','m04'),('s060','m04'),
  ('s061','m04'),('s062','m04')
ON CONFLICT (student_id, educator_id) DO NOTHING;

-- ----------------------------------------------------------------
-- 4. 초기 마인드 기록 (매니저 화면 알림 확인용)
-- ----------------------------------------------------------------
INSERT INTO mind_records (id, student_id, date, mood, motivation, confidence, memo) VALUES
  ('mr001', 's007', CURRENT_DATE - 1, -4, -4, -3, '요즘 너무 힘들어요'),
  ('mr002', 's007', CURRENT_DATE,     -3, -4, -4, ''),
  ('mr003', 's019', CURRENT_DATE - 1, -4, -3, -4, '집중이 안 됩니다'),
  ('mr004', 's035', CURRENT_DATE,     -4, -4, -4, '공부하기 싫어요'),
  ('mr005', 's046', CURRENT_DATE - 1, -3, -4, -5, ''),
  ('mr006', 's001', CURRENT_DATE,      2,  3,  2, '오늘 공부 잘 됐어요'),
  ('mr007', 's003', CURRENT_DATE - 1,  3,  2,  3, ''),
  ('mr008', 's021', CURRENT_DATE,      2,  3,  2, ''),
  ('mr009', 's038', CURRENT_DATE,      3,  2,  3, '')
ON CONFLICT (id) DO NOTHING;

-- ----------------------------------------------------------------
-- 5. 알림 (위험 학생 기반)
-- ----------------------------------------------------------------
INSERT INTO alerts (id, student_id, manager_id, type, severity, message, detail, date, resolved, coaching_comment) VALUES
  ('al001', 's007', 'm01', 'mind', 'danger',
   '김어진 학생 마인드 점수가 매우 낮습니다',
   '기분(-4), 동기(-4), 자신감(-3) — 합계 -11점',
   CURRENT_DATE - 1, false, ''),
  ('al002', 's019', 'm01', 'mind', 'danger',
   '장예지 학생 마인드 점수가 매우 낮습니다',
   '기분(-4), 동기(-3), 자신감(-4) — 합계 -11점',
   CURRENT_DATE - 1, false, ''),
  ('al003', 's035', 'm02', 'mind', 'danger',
   '이원준 학생 마인드 점수가 매우 낮습니다',
   '기분(-4), 동기(-4), 자신감(-4) — 합계 -12점',
   CURRENT_DATE, false, ''),
  ('al004', 's046', 'm03', 'mind', 'danger',
   '배병건 학생 마인드 점수가 매우 낮습니다',
   '기분(-3), 동기(-4), 자신감(-5) — 합계 -12점',
   CURRENT_DATE - 1, false, '')
ON CONFLICT (id) DO NOTHING;

-- ----------------------------------------------------------------
-- 6. 월간 통계 (관리자 화면용)
-- ----------------------------------------------------------------
INSERT INTO monthly_stats (month, self_index, task_rate, mind_total, center_hours, year) VALUES
  ('1월', 72, 68, 420, 312, 2026),
  ('2월', 74, 71, 435, 328, 2026),
  ('3월', 76, 75, 448, 345, 2026),
  ('4월', 78, 79, 462, 358, 2026)
ON CONFLICT DO NOTHING;
